{"count":1,"self":67.406841599999993,"total":68.293153699999991,"children":{"InitializeActuators":{"count":12,"self":0.0020001,"total":0.0020001,"children":null},"InitializeSensors":{"count":12,"self":0.0010006,"total":0.0050006999999999994,"children":{"CreateObservableSensors":{"count":12,"self":0.0040000999999999995,"total":0.0040000999999999995,"children":null}}},"AgentSendState":{"count":3110,"self":0.0490513,"total":0.0766014,"children":{"CollectObservations":{"count":7464,"self":0.0040016999999999995,"total":0.0040016999999999995,"children":null},"WriteActionMask":{"count":7464,"self":0.0045512999999999994,"total":0.0045512999999999994,"children":null},"RequestDecision":{"count":7464,"self":0.0189971,"total":0.0189971,"children":null}}},"DecideAction":{"count":3110,"self":0.5704711,"total":0.5704711,"children":null},"AgentAct":{"count":3110,"self":0.23124119999999998,"total":0.23124119999999998,"children":null}},"gauges":{"3DBallHard.CumulativeReward":{"count":1,"max":43.69989,"min":43.69989,"runningAverage":43.69989,"value":43.69989,"weightedAverage":43.69989}},"metadata":{"timer_format_version":"0.1.0","start_time_seconds":"1648662225","unity_version":"2021.2.16f1","command_line_arguments":"C:\\Program Files\\Unity\\Hub\\Editor\\2021.2.16f1\\Editor\\Unity.exe -projectPath C:\\Users\\Tauheed\\Documents\\Unity Projects\\AI-ASS-CaitJamieTauheed","communication_protocol_version":"1.5.0","com.unity.ml-agents_version":"2.0.1","scene_name":"3DBallHard","end_time_seconds":"1648662293"}}