{"count":1,"self":124.974464,"total":148.67584209999998,"children":{"InitializeActuators":{"count":10,"self":0.0020005,"total":0.0020005,"children":null},"InitializeSensors":{"count":10,"self":0.0040006999999999994,"total":0.0040006999999999994,"children":null},"AgentSendState":{"count":72749,"self":0.71800409999999992,"total":4.2856179,"children":{"UpdateModelSpacePoses":{"count":145500,"self":0.9108216,"total":0.9108216,"children":null},"UpdateLocalSpacePoses":{"count":145500,"self":1.0440928999999999,"total":1.0440928999999999,"children":null},"CollectObservations":{"count":145500,"self":1.3016573999999999,"total":1.3016573999999999,"children":null},"WriteActionMask":{"count":145500,"self":0.1060023,"total":0.1060023,"children":null},"RequestDecision":{"count":145500,"self":0.2050396,"total":0.2050396,"children":null}}},"DecideAction":{"count":72749,"self":15.370638399999999,"total":15.3706388,"children":null},"AgentAct":{"count":72749,"self":4.0391196,"total":4.0391196,"children":null}},"gauges":{"Crawler.CumulativeReward":{"count":4185,"max":239.192337,"min":-1,"runningAverage":17.0049839,"value":12.0007572,"weightedAverage":17.0421658}},"metadata":{"timer_format_version":"0.1.0","start_time_seconds":"1648663013","unity_version":"2021.2.16f1","command_line_arguments":"C:\\Program Files\\Unity\\Hub\\Editor\\2021.2.16f1\\Editor\\Unity.exe -projectPath C:\\Users\\Tauheed\\Documents\\Unity Projects\\AI-ASS-CaitJamieTauheed","communication_protocol_version":"1.5.0","com.unity.ml-agents_version":"2.0.1","scene_name":"Crawler","end_time_seconds":"1648663161"}}