{"count":1,"self":97.979295999999991,"total":102.61324049999999,"children":{"InitializeActuators":{"count":16,"self":0.0010003,"total":0.0010003,"children":null},"InitializeSensors":{"count":16,"self":0.001994,"total":0.001994,"children":null},"AgentSendState":{"count":4802,"self":3.4715287999999997,"total":3.5454358999999998,"children":{"CollectObservations":{"count":15376,"self":0.031006699999999998,"total":0.031006699999999998,"children":null},"WriteActionMask":{"count":15376,"self":0.010651599999999999,"total":0.010651599999999999,"children":null},"RequestDecision":{"count":15376,"self":0.0322487,"total":0.0322487,"children":null}}},"DecideAction":{"count":4802,"self":0.729707,"total":0.7957938,"children":{"RayPerceptionSensor.Perceive":{"count":46128,"self":0.0660868,"total":0.0660868,"children":null}}},"AgentAct":{"count":4802,"self":0.28971749999999996,"total":0.28971749999999996,"children":null}},"gauges":{"Pyramids.CumulativeReward":{"count":65,"max":1.92259979,"min":1.32681572,"runningAverage":1.8107028,"value":1.82899821,"weightedAverage":1.777548}},"metadata":{"timer_format_version":"0.1.0","start_time_seconds":"1648666871","unity_version":"2021.2.16f1","command_line_arguments":"C:\\Program Files\\Unity\\Hub\\Editor\\2021.2.16f1\\Editor\\Unity.exe -projectPath C:\\Users\\Tauheed\\Documents\\Unity Projects\\AI-ASS-CaitJamieTauheed","communication_protocol_version":"1.5.0","com.unity.ml-agents_version":"2.0.1","scene_name":"Pyramids","end_time_seconds":"1648666974"}}