{"count":1,"self":576.18017279999992,"total":609.110634,"children":{"InitializeActuators":{"count":24,"self":0.0020008,"total":0.0020008,"children":null},"InitializeSensors":{"count":24,"self":0.0030004999999999997,"total":0.0030004999999999997,"children":null},"AgentSendState":{"count":30055,"self":3.7554659999999997,"total":4.6688485,"children":{"CollectObservations":{"count":144264,"self":0.55270429999999993,"total":0.55270429999999993,"children":null},"WriteActionMask":{"count":144264,"self":0.1342679,"total":0.1342679,"children":null},"RequestDecision":{"count":144264,"self":0.22641029999999998,"total":0.22641029999999998,"children":null}}},"DecideAction":{"count":30055,"self":18.910470399999998,"total":19.3096781,"children":{"RayPerceptionSensor.Perceive":{"count":288528,"self":0.3992076,"total":0.3992076,"children":null}}},"AgentAct":{"count":30055,"self":8.9469511999999991,"total":8.9469513,"children":null}},"gauges":{"SmallWallJump.CumulativeReward":{"count":2710,"max":0.9875,"min":-1.0395,"runningAverage":0.9525806,"value":0.977,"weightedAverage":0.9731415},"BigWallJump.CumulativeReward":{"count":4338,"max":0.962,"min":-1.96801722,"runningAverage":0.8864802,"value":0.951999962,"weightedAverage":0.9364492}},"metadata":{"timer_format_version":"0.1.0","start_time_seconds":"1648673092","unity_version":"2021.2.16f1","command_line_arguments":"C:\\Program Files\\Unity\\Hub\\Editor\\2021.2.16f1\\Editor\\Unity.exe -projectPath C:\\Users\\Tauheed\\Documents\\Unity Projects\\AI-ASS-CaitJamieTauheed","communication_protocol_version":"1.5.0","com.unity.ml-agents_version":"2.0.1","scene_name":"WallJump","end_time_seconds":"1648673701"}}