{"count":1,"self":202.37196799999998,"total":213.18326069999998,"children":{"InitializeActuators":{"count":24,"self":0.0020011,"total":0.0020011,"children":null},"InitializeSensors":{"count":24,"self":0.0029996999999999997,"total":0.0029996999999999997,"children":null},"AgentSendState":{"count":10334,"self":1.2289815,"total":1.5488876999999999,"children":{"CollectObservations":{"count":49608,"self":0.20392639999999998,"total":0.20392639999999998,"children":null},"WriteActionMask":{"count":49608,"self":0.0462495,"total":0.0462495,"children":null},"RequestDecision":{"count":49608,"self":0.0697303,"total":0.0697303,"children":null}}},"DecideAction":{"count":10334,"self":6.2308172,"total":6.3502667,"children":{"RayPerceptionSensor.Perceive":{"count":99216,"self":0.11944959999999999,"total":0.11944959999999999,"children":null}}},"AgentAct":{"count":10334,"self":2.9061331999999997,"total":2.9061331,"children":null}},"gauges":{"SmallWallJump.CumulativeReward":{"count":1047,"max":0.9875,"min":-1.0595,"runningAverage":0.9576403,"value":0.971500039,"weightedAverage":0.9713321},"BigWallJump.CumulativeReward":{"count":1420,"max":0.959,"min":-1.41399646,"runningAverage":0.8949739,"value":0.937,"weightedAverage":0.9374175}},"metadata":{"timer_format_version":"0.1.0","start_time_seconds":"1648664779","unity_version":"2021.2.16f1","command_line_arguments":"C:\\Program Files\\Unity\\Hub\\Editor\\2021.2.16f1\\Editor\\Unity.exe -projectPath C:\\Users\\Tauheed\\Documents\\Unity Projects\\AI-ASS-CaitJamieTauheed","communication_protocol_version":"1.5.0","com.unity.ml-agents_version":"2.0.1","scene_name":"WallJump","end_time_seconds":"1648664992"}}