{"count":1,"self":79.272128,"total":89.06572899999999,"children":{"InitializeActuators":{"count":10,"self":0.0020001999999999997,"total":0.0020001999999999997,"children":null},"InitializeSensors":{"count":10,"self":0.0009998,"total":0.0009998,"children":null},"AgentSendState":{"count":39346,"self":0.2270953,"total":1.3114957999999999,"children":{"CollectObservations":{"count":78700,"self":0.9572603,"total":0.9572603,"children":null},"WriteActionMask":{"count":78700,"self":0.038748899999999996,"total":0.038748899999999996,"children":null},"RequestDecision":{"count":78700,"self":0.088391299999999992,"total":0.088391299999999992,"children":null}}},"DecideAction":{"count":39346,"self":7.5210896,"total":7.52109,"children":null},"AgentAct":{"count":39346,"self":0.9580139,"total":0.9580139,"children":null}},"gauges":{"Worm.CumulativeReward":{"count":70,"max":1090.52319,"min":718.5976,"runningAverage":910.3684,"value":952.4647,"weightedAverage":920.075}},"metadata":{"timer_format_version":"0.1.0","start_time_seconds":"1648662791","unity_version":"2021.2.16f1","command_line_arguments":"C:\\Program Files\\Unity\\Hub\\Editor\\2021.2.16f1\\Editor\\Unity.exe -projectPath C:\\Users\\Tauheed\\Documents\\Unity Projects\\AI-ASS-CaitJamieTauheed","communication_protocol_version":"1.5.0","com.unity.ml-agents_version":"2.0.1","scene_name":"Worm","end_time_seconds":"1648662880"}}